(・_・;)
(･∀･；)
(＾ω＾;;)
(ﾟ∀ﾟ ；)
(ﾟ∀ﾟ ；)ﾀﾗｰ
ヽ(´･ω･｀ヽ)
(｡＞﹏＜)
(｡＞﹏＜)あㄘ”ゅい
(>﹏<｡Ξ｡>﹏<)
ι(´Д｀υ)
ι(´Д｀υ)ｱｼﾞｨｰ
あㄘ”ゅい(>﹏<｡Ξ｡>﹏<)あㄘ”ゅい
( ﾟ∀ﾟ)
( ﾟ∀ﾟ)ｱﾊﾊ八八ﾉヽﾉヽﾉヽﾉ ＼ / ＼/ ＼
(ﾟ∀ﾟ≡ﾟ∀ﾟ)
ｱﾋｬﾋｬﾋｬ(ﾟ∀ﾟ≡ﾟ∀ﾟ)ﾋｬﾋｬﾋｬ
(´・∀・｀ )
(´・∀・｀ )ｱﾗﾏｧ
✌(╹◡╹)✌
v(｡･ω･｡)
v(｡･ω･｡)ｨｪｨ♪
いぇ〜い✌(╹◡╹)✌
ヾﾉ≧∀≦)
ヾﾉ≧∀≦)ｲｴｲｴ♪
ヽ(￣д￣;)ノ=3=3=3
(∩﹏∩)
(∩﹏∩) いないいない
(>﹏<｡Ξ｡>﹏<)
(」・ω・)」
(」・ω・)」うー！
(」・ω・)」うー！(／・ω・)／にゃー！
( *｀ω´)
( ▔•з•▔ )
(・ε・｀)
(｡･з･｡)
(｡•︿•｡)
(｡◕ˇｏˇ◕｡)
(｡ŏ﹏ŏ)
(•́﹏•̀)
(╯•﹏•╰)
(๑•́ ₃ •̀๑)
･ﾟ･(ﾉд<)･ﾟ･
･ﾟ･(ﾉд<)･ﾟ･ ｳｪ―ﾝ
(´つヮ⊂)
(´つヮ⊂)ｳｵｫｫw
＼( 'ω')／
＼( 'ω')／ウオオオオオアアアーーーーッ！！！
(;ﾞ＞'ω＜'):
ζ*'ヮ')ζ
ζ*'ヮ')ζうっうー
 (っ'ヮ'c)
 (っ'ヮ'c)ｳｩｯﾋｮｵｱｱｧ
＿|￣| Σ･∴=≡(っ'ヮ'c)
＿|￣| Σ･∴=≡(っ'ヮ'c)ｳｩｯﾋｮｵｱｱｧ
::(;ﾞﾟ'ωﾟ')::
ｳﾆｭｰｰｰ::(;ﾞﾟ'ωﾟ')::ｰｰｰｰｰｰ!!!!
ヾ(:3ﾉｼヾ)ﾉｼ
ヾ(ﾟω｡ヽ≡ﾉﾟω｡)ﾉﾞ
⊂( ･∀･) 彡 =͟͟͞͞(●)`Д´)
╰(*´︶`*)╯
･ﾟ･(ﾉд<)･ﾟ･
･ﾟ･(ﾉд<)･ﾟ･ ｳｪ―ﾝ
。゜(＞д＜)゜。
ε二二二ε二二二(｡ﾟつД`)ﾟ｡
ε二二二ε二二二(｡ﾟつД`)ﾟ｡ｳﾜｧｧ-----ﾝ!!!!
ｳﾜｧｧ-----。゜(＞д＜)゜。-----ﾝ!!!!
▂▅▇█▓▒░(’ω’)░▒▓█▇▅▂
┗(↑o↑)┛
┗(↑o↑)┛ｴｳﾝｴｳｳｳｳﾝ
(´ﾟдﾟ｀)
工エエェェ(´ﾟдﾟ｀)ェェエエ工
(゜д゜)
Σ(・ω・ノ)ノ
Σ(・ω・ノ)ノﾋﾞｯｸﾘ
Σ((｡･ω･｡ )))
Σ(゜Д゜;)
Σ(゜Д゜ノ)ノ
(〃l _ l)
(๑'ᴗ'๑)
(p*･ω･)p
o(･ω･｡)
⎛˶'ᵕ'˶ ⎞
(*」>д<)」
(*」>д<)」ｵｫ───ｲ!!
(｡ì _ í｡)
٩(๑òωó๑)۶
ヾ(〄⌒ー⌒〄)ノ
(＾ω＾≡＾ω＾)
(＾ω＾≡＾ω＾)おっおっ
(ノ-_-)ノ~┻━┻
(*´ー｀)ﾉ
(･ω･*[___]
(:3[___]
(:3っ)っ ｰ=三 [___]
('､3[___]
(¦3[___]
(¦3ꇤ[▓▓]
=͟͟͞͞ (¦3[▓▓]
c(-ω-*c[___]
c(･ω･*c[___]
c('ω'*c[___]
c(╹ω╹*c[___]
ｼｭｯ =͟͟͞͞ (¦3[▓▓]
(▰˘◡˘▰)
∩(・＿・)∩
Ｊ( 'ｰ`)し
(´･ω･|||)
Σ(･ω･;|||
ガ―(´･ω･|||)―ン!!
( ✹‿✹ )
(｢･ω･)｢
(｢･ω･)｢がおー
:;(∩´﹏`∩);:
:;(∩＞_＜∩);:
:(；ﾞﾟ'ωﾟ'):
((((；>д<))))
((((；>д<))))ｶﾞｸｶﾞｸﾌﾞﾙﾌﾞﾙ
((((( ( ⊃・ω・)⊃☂
┌( ´c_`　┐)┐三
へ(へ´∀`　)へ
三┌(┌ 　´_ゝ` )┐
三へ(へ´☉∀☉`)へ
p📷️qᴗ•,,´)
p📸qᴗ•,,´)
щ(ﾟдﾟщ)
( ˘⊖˘)
♪(*＞ω＜)o∀*∀o(＞ω＜*)♪
╰(　´◔　ω　◔ `)╯
✺◟(∗❛ัᴗ❛ั∗)◞✺
( ◠‿◠ )☛
ｷﾀ━━━━(ﾟ∀ﾟ)━━━━!!
( ◡⁀◡ )
(*◔ڼ◔)
┌(┌՞ਊ՞)┐
└(՞ةڼ◔)」
<(^o^)>┌┛’,;’;≡三
<(^o^)>┌┛’,;’;≡三ﾄﾞｶｧｯ
(╯⊙ ⊱ ⊙╰ )
三(((((´ω`；)
三(((((´ω`；)ｷﾓｯ!
( //_// )
(*/∇＼*)
(*/ω＼*)
(*∩ω∩)
(*ﾉ∀ﾉ)
(*ﾉдﾉ)
(//∇//)
(/ω＼)
(/ω＼)ｷｬｯ
(〃∇〃)
(〃> _ <)
(〃ﾉωﾉ)
(〃ﾉωﾉ)ｷｬｯ
(照>∀<)/
∑(ﾟ∀ﾟ」)」
ヾ(〃∇〃)ﾉ
ヾ(〃> _ <)ﾉﾞ
ヾ(≧▽≦)ﾉ
ヾ(≧▽≦)ﾉｷｬｯｷｬｯ
ヾ(*´∀｀*)ﾉ
＼(＞ヮ＜)／
＼(＞ヮ＜)／きゃっほぉ♪
(,,･ω<,,)☆ﾟ･:*
(*^-'*)♡
(´pゝω･)
(╹◡＜)⌒☆
(✿>◡╹)-♡
(๑╹◡＜๑):.｡+ﾟ
(oゝω･o)
+。:.ﾟ(๑＞◡╹๑)
+。:.ﾟ(๑＞◡╹๑)(๑╹◡＜๑):.｡+ﾟ
☆(ゝω･)v
☆(ゝω･)vｷｬﾋﾟ
☆⌒(＞◡╹)
♡-(╹◡<✿)♪
ヽ(｡ゝω･)ﾉ
o(・ω＜)o
((((⊃)☉ω☉(⊂)))))
(≧ω≦(｡･_･｡)ゝ
(≧ω≦(｡･_･｡)ゝｷﾞｭｯ
(つ･ω･(-ω-*)
(つ･ω･(-ω-*)ﾀﾞｷｯ
(っ*'ω'*c)
(っ＞ω＜c)
°+♡:.(っ>ω<c).:♡+°
＞ω＜
ﾑｷﾞｭ((((⊃)☉ω☉(⊂)))))ﾑｷﾞｭ
むぎゅー＞ω＜
(乂'ω')きゅっ (乂'ω')きゅっ (乂'ω')きゅっ └('ω')┘ﾆｬｱｱｱｱｱｱｱｱｱｱ!!!!
(☆∀☆)
*・゜゜・*:.。..。.:*・゜|*╹ω╹*|゜・*:.。. .。.:*・゜゜・*
⋆* ⁑⋆* (๑•﹏•)⋆* ⁑⋆*
✧*｡(ˊᗜˋ*)✧*｡
✲ﾟ｡.(✿╹◡╹)ﾉ☆.｡₀:*ﾟ✲ﾟ*:₀｡
きらっ✦(╹◡╹▰)
(゜〜゜)
(゜〜゜)は〜〜？キレそ〜〜
ᕦ(ò_óˇ)ᕤ“
ヾ(〃l _ l)ノ
( >д<).;':
( >д<).;':ﾍｯｸｼｮﾝ!
( ‘-^ )b
(๑˃̵ᴗ˂̵)و
╭( ･ㅂ･)و ̑̑
╭( ･ㅂ･)و ̑̑ ｸﾞｯ !
Σd(>∀<*)♪ﾟ+.ﾟ
(  ◍•㉦•◍ )♡
‹‹⸜(*ˊᵕˋ* )⸝››‹‹⸜(    *)⸝››‹‹⸜( *ˊᵕˋ*)⸝››
‹‹\(´ω` )/››‹‹\( 　´)/››‹‹\( ´ω`)/››
\\٩(๑`ȏ´๑)۶//
＼＼\\٩(๑`^´๑)۶//／／
((☛(◜◔。◔◝)☚))
((☛(◜◔。◔◝)☚)) ここ大丈夫ですか〜〜〜〜〜??????????
ｺﾞｺﾞｺﾞｺﾞｺﾞ
こころぴょんぴょん待ち！✧ヾ(❀╹◡╹)ﾉﾞ考えるふりして(*≧o≦)b❤もうちょっと♡近づいちゃえ！♡ヾ(*'∀`*)ﾉ♡簡単には教えない(／≧∇)／＼(∇≦＼)／♪♡こんなに好きなことは✧:.٩(๑>◡<๑)۶:.♡内緒なの～！((
꒰𑁬(⸝⸝ↀᯅↀ⸝⸝)໒꒱
囧
(   `o´  )
三('ω')三( ε: )三(.ω.)三( :3 )三('ω')三( ε: )三(.ω.)三( :3 )
三('ω')三( ε: )三(.ω.)三( :3 )三('ω')三( ε: )三(.ω.)三( :3 )ｺﾞﾛｺﾞﾛｺﾞﾛ
ʅ(*´◡`)ʃ
>゜)))彡
・・・・・(・ω・。)
・・・・・(・ω・。) ｼﾞｰｯ
(๑╹ω╹๑ )
(๑╹ω╹๑ )じー
[壁]д=)
[壁]д=) ｼﾞｰ
＜●＞＜●＞
｜_・)
|－゜)
|╹๑ )
|╹๑ )じー
|ω・)
|д・)
n[◎]ｺω・´)
壁|ω・)
(((o(><;)(;><)o)))
(((o(><;)(;><)o)))ｼﾞﾀﾊﾞﾀ
ヾ(:3ﾉｼヾ)ﾉｼ
ヾ(>ω<ヾﾉ三ヽ^ｼ>ω<)ﾉｼ
ヾ(ﾟω｡ヽ≡ﾉﾟω｡)ﾉﾞ
o(；>△<)o
o(>_< *)(* >_<)o
o(>_< *)(* >_<)oｼﾞﾀﾊﾞﾀ
o(><o)(o><)o
o(><o)(o><)oｼﾞﾀﾊﾞﾀ
(╮╯╭)
(｀･ω･´)
(｀･ω･´)ｼｬｷｰﾝ
ヽ(•̀ω•́ )ゝ✧
(´へωへ`*)
(*･ρ･)
(*･ρ･)ｼﾞｭﾙﾘ
(੭ ˃̣̣̥ ω˂̣̣̥)੭ु⁾⁾
ヽ(゜▽、゜)ノ
ヽ(゜▽、゜)ノｼﾞｭﾙﾘ
√﹀\_︿╱﹀╲/╲︿_/︺╲▁︹_/﹀\_︿╱▔︺\/\︹▁╱﹀▔╲︿_/︺▔╲▁︹_/﹀▔\⁄﹀\╱﹀▔︺\︹▁︿╱\╱﹀▔╲︿_/︺▔\︿╱\︿︹_/▔﹀\_︿╱▔︺\︹╱﹀▔╲︿_/︺▔\╱﹀╲▁︹_/﹀\_︿╱▔︺\︹▁︿⁄╲︿╱﹀╲︿＿
( ＝ω＝)
(´･ω･`)
(´・д・`)
(◞‸◟)
(๑´╹‸╹`๑)
(๑´◕﹏◕`)
il||li(つω-`。)il||li
( ꒪⌓꒪)
_(°ω°｣ ∠)_三
⊂(　っ☉ω☉)っ
⊂('ω`⊂ 三
c(＞◡＜と⌒c)つ彡
(｀･ω-)▄︻┻┳═一
( ﾉ╹ヮ╹)ﾉ
(｡ŏ﹏ŏ)ﾉ⌒✹
(ノ-_-)ノ~┻━┻
(ﾉ´・ω・)ﾉ⌒✹
[]⌒ ヽ(・ω・*)
゜⌒⊂(´ω｀)
( ˘ω˘ )
₍₍ (ง ˘ω˘ )ว ⁾⁾
_(´ω`_)⌒)_　))
体゛育゛ヤ゛ダ゛ー！！！！！！！！！！！オ゛ウ゛チ゛帰゛る゛ーーーーーーーーーーーーーーーーーーーー！！！！！！！！
三( ◠‿◠ )そんな時にタウンページが便利なんですよ
|○|┗(☋｀ )┓三
┗(^o^ )┓三
✌('ω'✌ )三✌('ω')✌三( ✌'ω')✌
( ˘ ³˘)♡
(´･_･`)
~(  ~´･_･`)~
ヾ(＠⌒ー⌒＠)ノ
w三( ^o^)三( ^o^)三( ^o^)ﾃﾞｹﾃﾞｹﾃﾞｹ三( ^o^)三( ^o^)三( ^o^)ﾃﾞｹﾃﾞｹﾃﾞｹﾃﾞｹﾃﾞｹ三( ^o^)三( ^o^)三( ^o^)ﾃﾞｹﾃﾞｹﾃﾞｹﾃﾞｹﾃﾞｹ
(・・。)ゞ
(・・。)ゞ テヘ
(∀<*ゞ)
(∀<*ゞ)ﾃﾍｯ
(∞≧◇≦)
(∞≧◇≦)テヘ
σ)>ω<*)
σ)>ω<*)ﾃﾍｯ☆
(*ノ∀`)
(*ノ∀`)ﾃﾍﾍｯ♪
(・ω<)
(*ゝωб)
(ﾉ≧ڡ≦)
てへぺろ！(*ゝωб)
てへぺろ(・ω<)
.:｡+ﾟ (つω＜〃) ﾟ.:｡+ﾟ
( //_// )
(。・ω・。)
(*/∇＼*)
(*/ω＼*)
(*´ω｀*)
(*ﾉ∀ﾉ)
(*ﾉдﾉ)
(//∇//)
(照>∀<)/
ヾ(〃∇〃)ﾉ
∈(´_________________｀)∋
( ^o^)☎┐＜垢消せｗｗｗｗｗｗｗｗｗｗｗｗｗｗｗ ( ^o^)Г☎ チンッ
( つ╹ω╹)つ
(っ〃l _ l)っ
(っ´ω`)っ
⊂(´ω`⊂ )
…三(卍 ˘ω˘))卍
└(┐卍՞ਊ ՞)卍
三└(┐卍^o^)卍
(灬ºωº灬)
ﾄﾞｷ(灬ºωº灬)ﾄﾞｷ
－＝三∩(＞◡＜*)∩))Д´)
－＝三∩(＞◡＜*)∩))Д´)どごぉ！
┗(^o^)┛ｗｗｗｗｗ┏(^o^)┓ﾄﾞｺﾄﾞｺﾄﾞｺﾄﾞｺｗｗｗｗｗ
⁽˙³˙⁾◟( ˘•ω•˘ )◞⁽˙³˙⁾
┣¨┣¨┣¨┣¨┣¨┣¨┣¨┣¨┣¨┣¨┣¨┣¨┣¨
|・ω・`))))........
(ﾉｼ ꒪д꒪ )ﾉｼ
ﾄﾝﾄﾝﾄﾝ(ﾉｼ ꒪д꒪ )ﾉｼ
(∩^o^)⊃━☆ﾟ.*･｡
(ヾﾉ･ω･`)
(ヾﾉ･ω･`)ﾅｲﾅｲ
(ヾﾉ＞ヮ＜)
(ヾﾉ＞ヮ＜)ﾅｲﾅｲ
(ヾﾉヾﾉヾﾉヾﾉヾﾉ･ω･`)ヾﾉ
(ヾﾉヾﾉヾﾉヾﾉヾﾉ･ω･`)ヾﾉｼﾞｪｯﾄｽﾄﾘｰﾑﾅｲﾅｲ
 (＝△＝`歩)
 (＝△＝`歩)ないわー
(＃-△-)
(＃-△-)ないわー
(☝ ՞ਊ ՞)☝
☝( ◠‿◠ )☝
" (o・_・)/""(ノ_<。)"
" (o＞ω＜)/""(ノ_<。)"
(｡-∀-)ヾ(´∀｀*)
(｡-∀-)ヾ(´∀｀*)ﾅﾃﾞﾅﾃﾞ
(*'ヮ')ﾉｼ
(p_;)＼(^^ )
ヾ(・ω・ )
ヾ(・ω・ ) ﾅﾃﾞﾅﾃ
ヾ(・ω・｀ )
ヾ(・ω・｀ )ﾅﾃﾞﾅﾃﾞ
ヾ(＾∇＾*)
ヾ(＞ω＜ )
ヾ(＞ω＜ )ﾅﾃﾞﾅﾃﾞ
ヾ(＞ヮ＜*)
ヾ(＞ヮ＜*)ﾅﾃﾞﾅﾃﾞ
ヾ(>ヮ<๑)
ヾ(>ヮ<๑)なでなでっ♪
ヾ(╹◡╹๑)
ヾ(╹◡╹๑)なでなでっ♪
⎝。⌓°⎞
下广卞廿十亠卉与本二上旦上二本与卉亠十廿卞广下广卞廿十亠卉
与本二上旦上二本与卉亠十廿卞广下广卞廿十亠卉
･ﾟ･(ﾉд<)･ﾟ･
･ﾟ･(ﾉд<)･ﾟ･ ｳｪ―ﾝ
・゜・(PД｀q｡)・゜・
.･ヾ(｡>д<)ｼ
｡･ﾟ '゜(*/Д＼*) '゜ﾟ･｡
。・°°・(＞_＜)・°°・。
｡ﾟ(ﾟ´ω`ﾟ)ﾟ｡
｡ﾟ(ﾟ´ω`ﾟ)ﾟ｡ﾋﾟｰ
｡ﾟ(´っωｃ`)ﾟ｡
｡ﾟ(ﾟ∩´﹏`∩ﾟ)ﾟ｡
。゜(＞ω＜)゜。
。゜(＞д＜)゜。
(･_･、)
(；д；)
(｡>﹏<)
(｡＞‸＜｡)
(｡◕ˇдˇ◕｡)
(*>_<*)ﾉ
(´ρω；｀)
(>＿<。)
(>へ<｡)
(≧(エ)≦。)
(⊃д∩)
(☍﹏⁰)
(ू˃̣̣̣̣̣̣︿˂̣̣̣̣̣̣ ू)
(ノ_・,)
(ノ◇≦。)
(ﾉω･､)
(ﾉω･､) ｳｩ･･･
(ﾉω<､)
(ﾉω<､) ｳｩ･･･
(ノд<。)゜。
˚‧º·(˚ ˃̣̣̥᷄⌓˂̣̣̥᷅ )‧º·˚
゜。(p>∧<q)。゜゜
✧*。ヾ(｡>﹏<｡)ﾉﾞ。*✧
ヾ(｡>﹏<｡)ﾉﾞ
ε二二二ε二二二(｡ﾟつД`)ﾟ｡
ε二二二ε二二二(｡ﾟつД`)ﾟ｡ｳﾜｧｧ-----ﾝ!!!!
ｳﾜｧｧ-----。゜(＞д＜)゜。-----ﾝ!!!!
(๑╹ᆺ╹)
 ﾟ+.(･ω･)ﾟ+.ﾟ
｡.ﾟ+:ヾ(*･ω･)ｼ.:ﾟ+｡
｡.ﾟ+:ヾ(*'ヮ')ｼ.:ﾟ+.｡
( •ω•ฅ).｡.:*♡
('ω'*)
(* ' ヮ')-♡
(*^ー゜)ノ
(*ﾟ∀ﾟ)
(*╹▽╹*)
(*ノ≧∀)ノ
(＞ヮ＜*)
(≧∇≦*)
(⋈◍＞◡＜◍)。✧♡
(▰╹◡╹)
(ﾟ▽ﾟ*)
(✗╹◡╹)
(✗╹◡╹)ﾉ
(✿╹◡╹)
(✿╹◡╹) 。o()
(✿╹◡╹)ﾉ
(✿ゝ◡╹)ノo.♡ﾟ｡*
(๑╹◡╹๑)
*･゜ﾟ･*:.｡..｡.:*･'(*ﾟ▽ﾟ*)'･*:.｡. .｡.:*･゜ﾟ･*
ﾟ+｡:.ﾟヽ(*´∀`)ﾉﾟ.:
+。:.ﾟ٩(๑＞◡＜๑)۶:.｡+ﾟ
◝(╹▿╹)◜
◡( ╹◡╹ )◡
☆*:.｡. o(≧▽≦)o .｡.:*☆
☆＾∇゜)
☆＾∇゜) ニパッ!!
☆ﾐ(o*･ω･)ﾉ
♡(๑◕◡◕๑)♪
✌(๑˃̶͈̀◡˂̶͈́๑)✌
✧◝(⁰▿⁰)◜✧
ヾ(･ω･*)ノ
ヾ(*･ω･)ﾉｼ
ヾ(〃^∇^)ﾉ
ヾ(〃l _ l)ﾉﾞ
ヽ(╹◡╹✿)
ヾ(❀╹◡╹)ﾉﾞ
"ヾ(๑╹◡╹)ﾉ"""
٩꒰｡•◡•｡꒱۶
o(^▽^)o
o(≧∇≦)o
ε-ε-ヾ( o´∀)ﾂ
(／・ω・)／
(／・ω・)／にゃー！
(ΦωΦ)
o(≧∇≦o≧∇≦)o
o(≧∇≦o≧∇≦)oにゃいにゃい♪
(⌒▽⌒)
(✧≖‿ゝ≖)
(๑¯Δ¯๑)/
ฅ(๑'Δ'๑)
( ◜◡‾)
( ◜◡‾) ﾈｰ
( ◜◡‾)(‾◡◝ )
( ◜◡‾)◜◡‾)◜◡‾)◜◡‾)◜◡‾)
( ◜◡‾)◜◡‾)◜◡‾)◜◡‾)◜◡‾)ﾈﾈﾈﾈﾈｰ
(*´･ω･)(･ω･｀*)
(*´･ω･)(･ω･｀*)ﾈｰ
(*´>ω<)(>ω<｀*)
(*´>ω<)(>ω<｀*)ﾈｰ
(*>ヮ<)(>ヮ<*)
(*>ヮ<)(>ヮ<*)ﾈｰ
/ᐠ｡ꞈ｡ᐟ\
Λ__Λ
ﾟ。(｡ρω-｡)
( σω-)｡оﾟ
(*´O)ゞ
(´･ωゞ)
(´ぅω-｀)
(´ぅω-｀)ﾈﾑｲ
(´っω-).｡oO
(っ﹏-).｡oO
(っ=﹏=c) .｡o○
ε(  ε=﹏=)э.｡o○
₍ᐢっ ̫-ᐢ₎
_(　_・ヮ・)_
_( _´º﹃º)_
_( ╹◡＜ 」∠)_
_( ╹◡╹ 」∠)_
_(・ω・｣ ∠)_
_(:0 」∠)_
_(:3 」∠)_
_(¯﹃¯ 」)_
_(ˇωˇ」∠)_
_(┐「﹃ﾟ｡)_
_(┐「ε:)_
_(▰´﹃｀▰｡ 」∠)_
(:3 っ)っ
('､3)_ヽ)＿
⊂⌒っ´ｰωｰ)っ.。o○
\＿
ﾉｰﾖﾊﾟﾖｺﾝ
(ヾﾉ｡Ò ㅅ Ó)ﾉｼ
ヾ('ω'ヾﾉ三ヽ^ｼ'ω')ﾉｼ
ヽ^ｼ,,・ω・,,)ﾉｼ
ヽ^ｼ'ω')ﾉｼ
ヽ^ｼ＞ω＜)ﾉｼ
ヽ^ｼ▰╹ヮ╹)ﾉｼ
、(　　ノ・ω・)ノ
(ﾉ*'ω'*)ﾉ~~~~♥
( ‘д‘⊂彡☆))Д´)
( ‘д‘⊂彡☆))Д´) ﾊﾟｰﾝ
(๑ᴖᴗᴖ)⊂彡☆)`ъ')･.:ﾟ｡☍
ﾊﾟｰﾝ ( 'д') ⊂彡☆))Д´)
ｃ( ´☉ω☉`)っ
ヽ(*゜∀゜*)ノ
(･:ﾟдﾟ:･)
(*´Д`)
(*´Д`)ﾊｧﾊｧ
＼(( ･ิ ‿ ゝ･ิ ))/
＼＼\\(۶•̀ᴗ•́)۶//／／
⁽⁽٩(๑˃̶͈̀ ᗨ ˂̶͈́)۶⁾⁾
＼(╹◡╹＼Ξ／╹◡╹)／
ヾ(　　・◡・　　)ﾉｼ
ヽ(°д｡ヽ≡ﾉ°д｡)ﾉ
(； ･`д･´)
Σ(ﾟдﾟ )ﾊｯ!
('ω')｡o(???????????????)
ᓀ‸ᓂ
(ノ-_-)ノ~┻━┻
((⊂(╹◡╹๑∩)
((⊂(╹◡╹๑∩)ｼｭｯｼｭｯ
=͟͟͞͞( ・=͟͟͞͞( ・ω・)っ≡つ
=͟͟͞͞( ・=͟͟͞͞( ・ω・)っ≡つ ババババ
=͟͟͞͞(ｏ￣=͟͟͞͞(ｏ￣∇￣)＝◯)`ν゜)・；'
꒰𑁬👊⸝⸝＞ヮ＜)꒱
(੭ु⁾⁾＞_＜)੭ु⁾⁾
(੭ु´･ω･`)੭ु⁾⁾
(੭ु˙꒳​˙)੭ु⁾⁾
(ﾉｼ｀･ω･)ﾉｼ
(ﾉｼ｀･ω･)ﾉｼﾊﾞﾝﾊﾞﾝ
(≧▽≦)v
✌(・_・)✌
v(*'-^*)ｂ
v(*'-^*)ｂぶいっ♪
ｖ(*´∀｀*)ｖ
: ه҈҉҉҉҉҉҉҉҉҉҉҉҉҉҉҉҉҉҉҉҉҉҉҉҉҉҉
(((((･ω･｀；)
(｀・ω・´)ゝ
(｀・ω・´)ゝﾋﾞｼｯ
(＞ω＜)ゝ
(＞ω＜)ゝﾋﾞｼｯ
(゜д゜)
Σ(・ω・ノ)ノ
Σ(・ω・ノ)ノﾋﾞｯｸﾘ
Σ((｡･ω･｡ )))
Σ(゜Д゜;)
Σ(゜Д゜ノ)ノ
Σ＝＝＝＝⊂(　つ・ω・)つ
ﾋﾞｭｲｨｰﾝ 三 _( ◜◡‾)ﾉ
三 _( ◜◡‾)ﾉ
(ﾟ∀三ﾟ三∀ﾟ)
=͟͟͞͞( 'ヮ' 三 'ヮ' =͟͟͞͞)　
=͟͟͞͞(๑╹ω╹三╹ω╹๑=͟͟͞͞)
=͟͟͞͞(๑╹ω╹三╹ω╹๑=͟͟͞͞)ヒュンヒュン
=͟͟͞͞o(・ω・三・ω・=͟͟͞͞)o
･*･:≡(　ε:)
ε⌒c(∪・ｘ・)
( ＞∀＜)σ＜ ´・ω・)
( ＞∀＜)σ＜ ´・ω・)ﾋﾞﾛｰﾝ
o< ・ω・ >o
o< ・ω・ >oﾋﾞﾛｰﾝ
o< ´・ω・` >o
o< ´・ω・` >oﾋﾞﾛｰﾝ
(　´_ゝ`)
((((((((((っ･ω･)っ
((((((((((っ･ω･)っ ﾌﾞｰﾝ
─=≡Σ((( つ•̀ω•́)つ
v(*'-^*)ｂ
v(*'-^*)ｂぶいっ♪
눈_눈
(*>_<*)ﾉ
✧*。ヾ(｡>﹏<｡)ﾉﾞ。*✧
ヾ(｡>﹏<｡)ﾉﾞ
(((卍(＾ω＾)卍)))
ﾌｵｵｵ(((卍(＾ω＾)卍)))ﾌｵｵｵ
｡o()
( ^∇^)σ
( ^∇^)σ)≧∇≦)
( ＞∀＜)σ
( ＞∀＜)σﾌﾟﾆﾌﾟﾆ
(*･ω･)σ
(*・д・)σ)д・*)
(*＾∀＾)σ)＾∀＾)
(*＾∀＾)σ)＾∀＾)ﾌﾟﾆﾌﾟﾆ
(*￣Д￣)σ)Д￣*)
(*ﾟ∀ﾟ)σ)3ﾟ*)
(´・ω・)σ)Д`)
(⑅´∀`)σ)∀`*)♡
(σ＞∀＜)σ
(σ＞∀＜)σﾌﾟﾆﾌﾟﾆ
(ㆀ˘･з･˘)σ)Д`)
(ㆀ˘･з･˘)σ)Д`)ｺｲﾂｩ
_:('Θ' 」 ∠):_
(･ω･三･ω･)
(･ω･三･ω･)ﾌﾝﾌﾝ
((･ω･｀*)(*´･ω･))
((>ω<｀*)(*´>ω<))
ﾌﾞﾝ((･ω･｀*)(*´･ω･))ﾌﾞﾝ
ﾌﾞﾝ((>ω<｀*)(*´>ω<))ﾌﾞﾝ
( 'ヮ'⊂彡☆))Д´) ﾍﾟﾁｰﾝ
(＾ω＾)
(＾ω＾)ﾍﾟﾛﾍﾟﾛ
꒰ঌ⎛ಲළ൭⎞໒꒱
⎛ಲළ൭⎞
( ﾉ╹ヮ╹)ﾉ
(｡ŏ﹏ŏ)ﾉ⌒✹
(ﾉ´・ω・)ﾉ⌒✹
[]⌒ ヽ(・ω・*)
゜⌒⊂(´ω｀)
( *º﹃º *)
( °◇°)
(,,╹.╹)...
(╹⌓╹ )？
(꒪⌓꒪ )
(๑¯⌓¯๑)
☆ミ
☆彡
ミ☆
(｡･_･｡)ﾎﾟｯ
( ^ω)━━━━━━━━─(ω^ )
┌(┌ ＾o＾)┐
┌(┌ ＾o＾)┐ホモォ
(((・ω・)))
(((・ω・)))ﾎﾟﾜﾜｰﾝ
(*´ω｀*)
(*ﾟ▽ﾟ*)
(゜ー゜*)。・:*:・
*･゜ﾟ･*:.｡..｡.:*･'(*ﾟ▽ﾟ*)'･*:.｡. .｡.:*･゜ﾟ･*
ヽ(´･ω･｀ヽ)
( ˘⊖˘)
(´-`)
ヽ( ･ิ∀･ิ )ノ
(∪╹ｘ╹)
((((･ิ(･ิω(･ิω･ิ)ω･ิ)･ิ))))
( *｀ω´)
( ▔•з•▔ )
(・ε・｀)
(｡･з･｡)
(｡•︿•｡)
(｡◕ˇｏˇ◕｡)
(｡ŏ﹏ŏ)
(•́﹏•̀)
(╯•﹏•╰)
(๑•́ ₃ •̀๑)
(,,Ծ‸Ծ)
(ﾉ)・ω・(ヾ)
(ﾉ)・ω・(ヾ)ﾑﾆﾑﾆ
...φ(．． )
...φ(．． )ﾒﾓﾒﾓ
...φ(^∇^ )
...φ(^∇^ )ﾒﾓﾒﾓ
...φ(＞ω＜ )
...φ(＞ω＜ )ﾒﾓﾒﾓ
φ(・ω・ )
φ(￣∇￣o)
φ(￣∇￣o)ﾒﾓﾒﾓ
φ(╹◡╹๑)
〆( ．．
ヽ('ω')ﾉ三ヽ('ω')ﾉ
･ﾟ･(｡✖д✖｡)･ﾟ･
(・ω・ )
(｡・＿・｡)
(｡・ω・｡)
(*・ω・*)
(*'ω'*)
(´,,•ω•,,｀)
(✘╹◡╹✘)
(´･ ～ ･`)
"ŧ‹""ŧ‹""(*´ω｀*)"
ŧ‹”(๑´ㅂ`๑)ŧ‹”
_('ω' 」)_
_(´ㅅ`_)⌒)_
ヾ(⌒(_*'ω'*)_
o(ﾟｰﾟo)｡｡｡｡3
(o・∇・o)
(;ﾞ＞'ω＜'):
~(´ω`~)
(/)ω(ヾ)
ლ(╹◡╹ლ)
┌(＾0＾)┘
┌(＾0＾)┘モリ！
0(:3 )～ _('､3｣ ∠ )_
₍₍ (◟'ω')◟ ⁾⁾
₍₍ ◝( ´ω´ )◟ ⁾⁾
₍₍ ◝( ˘⊖˘)◟ ⁾⁾
₍₍ ◝('ω'◝) ⁾⁾
(・ワ・)
(๑˃̵ᴗ˂̵)و
(๑˃̵ᴗ˂̵)و ﾖｼ!
" (o・_・)/""(ノ_<。)"
" (o＞ω＜)/""(ノ_<。)"
(｡-∀-)ヾ(´∀｀*)
(｡-∀-)ヾ(´∀｀*)ﾅﾃﾞﾅﾃﾞ
(*'ヮ')ﾉｼ
(p_;)＼(^^ )
ヾ(・ω・ )
ヾ(・ω・ ) ﾅﾃﾞﾅﾃ
ヾ(・ω・｀ )
ヾ(・ω・｀ )ﾅﾃﾞﾅﾃﾞ
ヾ(＾∇＾*)
ヾ(＞ω＜ )
ヾ(＞ω＜ )ﾅﾃﾞﾅﾃﾞ
ヾ(＞ヮ＜*)
ヾ(＞ヮ＜*)ﾅﾃﾞﾅﾃﾞ
ヾ(>ヮ<๑)
ヾ(>ヮ<๑)なでなでっ♪
ヾ(╹◡╹๑)
ヾ(╹◡╹๑)なでなでっ♪
(🎀*'▽'*)
└( ＾ω＾ )」♪
♪└( ＾ω＾ )」
(∩*´ω｀)∩
(ﾉ≧▽≦)ﾉ
∩('ω'*)∩
∩(＊＞◡＜)∩
∩(´∀｀)∩
∩(´∀｀)∩ﾜｧｲ♪
∩(＞◡＜*)∩
ヾ( ･∀･)ﾉ
"ヾ(*＞ヮ＜)ﾉ"""
"ヾ(＞ヮ＜)ノ"""
ヽ(＞ヮ＜✿)ノ=3=3
ヾ(⌒(ﾉ'ω')ﾉ
"ヾ(๑>◡<)ﾉ"""
ヾ(o´∀｀o)ﾉ
丶(＞Δ＜)ノ
◤◢◤◢◤◢◤◢WARNING◤◢◤◢◤◢◤◢
( :D)┸┓
ヽ( ˘ω˘ )ゝ
ε( ε*＞ヮ＜)э
ε( ε*＞ヮ＜)эわいわい
(((o(*ﾟ▽ﾟ*)o)))
((o(＞◡＜*)o))
((o(＞◡＜*)o))ﾜｸﾜｸ
／人◕‿‿◕人＼
(｡>ω<)ﾉ
(>ω<)
(≧▽≦)
(♡ >ω< ♡)
U｡･ｪ･｡U
∩(´・ヮ・`)∩
∩(´・ヮ・`)∩ﾝﾋｨ
